epoch,step,train_loss_step
0,49,1.251745343208313
0,99,1.1394981145858765
0,149,1.1119555234909058
0,199,0.08850021660327911
0,249,0.07365916669368744
